10/1/2026,2200.00,*,,EMPLOYER PAYROLL DEPOSIT 0012
10/1/2026,-1450.00,*,,OAKWOOD APARTMENTS RENT OCT
10/2/2026,-89.14,*,,SMUD UTILITY PAYMENT
10/3/2026,-62.50,*,,VERIZON WIRELESS PAYMENT
10/3/2026,-78.33,*,,PURCHASE SAFEWAY #1234 SACRAMENTO CA
10/4/2026,-5.75,*,,STARBUCKS STORE 05516
10/6/2026,-214.60,*,,ANIMAL HOSPITAL EMERGENCY VISIT
10/7/2026,-43.20,*,,SHELL OIL 57444
10/8/2026,-31.99,*,,GROCERY OUTLET 0987
10/9/2026,-12.99,*,,AMAZON PRIME VIDEO BILL
10/10/2026,-150.00,*,1042,
10/11/2026,-24.87,*,,CHEWY.COM PET SUPPLIES
10/12/2026,-95.00,*,,XFINITY INTERNET OCT
10/13/2026,-57.12,*,,TARGET T-0834 SACRAMENTO
10/14/2026,120.00,*,,MOBILE DEPOSIT CASHOUT APP
10/15/2026,-39.99,*,,PLANET FITNESS MEMBERSHIP
10/16/2026,-66.47,*,,FARMERS MARKET STALL 12
10/17/2026,-18.00,*,,SAC CITY PARKING GARAGE
10/18/2026,-42.75,*,,LOCAL HANDMADE POTTERY STUDIO
10/19/2026,-8.50,*,,NEIGHBORHOOD LEMONADE STAND
